product_id,z_pc1,z_pc2,z_pc3,z_pc4,z_pc5,z_pc6,z_pc7
1—1,-1.230245045,1.154211062,0.225572516,-0.687818196,0.013923348,0.025060303,0.133556156
1—2,0.482820418,0.821992921,-0.162414659,0.060472436,-0.375786802,-0.196586443,-0.091892755
1—3,-0.389912718,0.627880176,0.005876639,-0.583608834,0.459959098,0.05400109,-0.322620986
1—4,0.219927813,-0.55124074,-0.668588227,-0.083387989,0.054239021,0.17320197,-0.088938773
1—5,0.858660574,0.623187454,-0.160159141,-0.299499853,0.112025603,-0.617173,0.507096274
1—6,1.209691751,0.676096963,0.405217485,1.297418054,-0.084057188,-0.517897049,-0.222758223
1—7,-0.296946617,-0.258960605,-0.002412195,-0.43094317,-0.146358323,0.626433754,0.626154874
1—8,-1.09104707,-0.974674781,0.585570543,1.679352339,0.682081121,0.107278956,0.413418731
1—9,-0.45940112,-0.356828118,-0.02920832,-0.255595003,-0.192196004,0.468610035,0.347178593
1—10,1.198074182,0.319080014,0.423743674,0.025506536,0.293750627,0.082611168,0.139861342
1—11,1.248334275,1.081446494,0.539568176,0.760940009,-0.412096132,0.526591826,-0.727548237
1—12,-0.350502709,-0.524179075,0.167900139,-0.422753956,-0.121023671,0.501447494,0.451898825
1—13,1.530303652,0.220056279,0.108116557,0.206952193,0.166527818,0.023725777,0.039508381
1—14,1.240485293,1.11921849,0.366803694,1.065299199,-0.802353498,0.355608893,-0.755009507
1—15,0.028483259,0.912550713,0.814806898,0.606123803,0.785794127,0.561207197,-0.463491624
1—16,0.969038672,0.392917863,-0.33351266,0.05657578,-0.725865629,-0.131153309,-0.001737819
1—17,1.42269323,0.611103888,0.396563372,1.198794201,-0.424877002,0.450672387,-0.511901841
1—18,0.049614021,-0.081509491,0.920105473,0.18653599,-0.343003115,1.124771535,-0.438761346
1—19,-0.827839982,-0.177225241,0.741082372,1.427279916,-0.371789599,1.336582713,0.044297972
1—20,1.14872733,0.879170791,0.393205699,0.592871042,-0.642305239,0.291962349,-0.682157689
1—21,0.193226806,-0.723332043,2.033775958,-0.379667339,0.870966665,-0.663925976,-0.255051731
1—22,0.927854416,-0.205360856,-0.39844581,0.027010462,-0.266657799,-0.03988687,0.37523592
1—23,-0.304111719,0.860353264,0.270569615,-0.198254155,0.786496615,0.271730707,-0.055745894
1—24,1.388688934,0.266469402,0.050764148,0.089471217,0.171403316,-0.264962805,0.217063356
1—25,0.941972084,0.544026621,0.271665694,0.769305667,0.530982336,-0.069575374,-0.393689112
1—26,-0.30813468,-0.034906267,0.791925091,0.966769186,-0.58170643,1.176770822,0.125194602
1—27,0.816368195,0.383491687,1.023481492,1.003832506,-0.219176605,0.279847969,-0.360736258
1—28,-0.551172371,0.26931388,0.631228494,1.483569795,0.334606818,0.799789346,-0.277689667
1—29,0.522269387,-0.204123475,0.872964162,0.084953686,-0.873071925,0.795588556,-0.367694394
1—30,1.306429622,0.084240241,-0.148388844,0.249511108,-0.522749142,0.145813507,-0.322930177
1—31,1.313660264,0.122033989,0.57598469,1.407649706,0.439235901,-0.119457525,0.004797072
1—32,0.88462876,0.359570661,1.046996605,0.257836901,0.537153967,-0.591408561,0.480844233
1—33,0.65274255,0.047185696,-0.483116313,0.34093933,-0.410054559,-0.417581256,0.64676776
1—34,-0.542741257,0.443165285,0.806249432,1.490901495,0.967922492,0.423657938,0.08608228
1—35,1.08189376,-0.050825306,0.94928736,0.64750685,0.696919508,-0.917173028,0.381924104
2—1,1.251545236,0.872939805,0.524143344,0.774752496,-0.5640216,0.571685045,-0.345376759
2—2,-0.330614804,-0.473623293,-0.514872064,-0.102405285,0.040808115,0.554969694,0.61970465
2—3,-0.303785122,1.072931771,-0.299484926,-0.138093083,-1.166256201,-0.553914088,-0.129989668
2—4,-0.80076309,1.050522596,-0.426874968,0.378361026,0.231510552,-0.098563154,0.106319072
2—5,1.157645751,0.230195798,-0.188716883,-0.310281755,-0.249433614,-0.033753044,0.221742229
2—6,0.273863686,-0.679655989,0.00838206,-0.286000374,0.335577808,0.225897578,0.212168799
2—7,-0.261000663,1.063644027,-0.395465928,0.219864794,0.519001098,-0.222524049,0.052830489
2—8,-0.112605506,-0.411441433,-0.478481489,0.107307103,-0.136321258,0.347506215,0.207406804
2—9,0.099667269,1.653807058,-0.407368041,-0.228133601,-1.047340283,-0.330427017,0.096983167
2—10,-0.137119347,-0.562015643,-0.620567045,0.155408442,0.190053924,0.407136029,0.468325503
2—11,-1.344013166,1.988716026,0.082209893,-0.55776086,-0.514438891,0.228267637,0.290188421
2—12,-0.0911049,0.54412745,0.459633581,1.022614081,-0.660547186,-0.62455463,0.389358463
2—13,-0.525570966,-0.543939926,0.979574272,1.883779107,0.249802807,0.528823457,0.136829975
2—14,-0.814112189,1.211501566,-0.0361429,-0.083633082,0.468327879,0.179868652,0.309594651
2—15,-1.281964996,2.137873629,0.370635216,-0.698243195,-0.562010721,0.19379879,0.65953768
2—16,1.250770802,0.245089247,0.167174448,-0.539268657,0.181739272,-0.144005746,0.372815769
2—17,1.136373694,0.252225266,-0.073813081,-0.459736579,0.13912679,-0.050032024,0.403281992
2—18,1.23906567,0.401765465,-0.109461581,-0.211795353,0.28858075,-0.12317601,0.320286927
2—19,-0.104738991,-0.511591032,0.053984333,-0.594626823,0.012899354,0.591973869,0.524893154
2—20,0.836186089,0.515891205,0.100342135,-0.5461526,-0.028475907,-0.060190312,0.329999078
2—21,-0.343642879,0.249542949,-0.028358785,-0.342951292,0.83893025,0.449757466,0.371307509
2—22,1.158147251,-0.201713468,-0.516693416,-0.012317943,0.184338601,-0.256877967,0.637677541
2—23,1.04701133,-0.174138988,-0.550135065,0.344203301,0.126906805,-0.182942597,0.662024307
2—24,-0.067269776,-0.539397354,-0.44042784,-0.170861578,0.362910528,0.460702388,0.428483047
2—25,1.036834005,0.303270233,0.113553622,-0.323349033,0.413122484,0.018770408,0.222273984
2—26,-0.664075262,-1.239877055,1.441949134,0.021509387,-0.062737954,-0.140974404,0.071320393
2—27,-0.429832376,-0.177278986,-0.251673284,-0.24882109,-0.401244414,0.597750833,0.222902679
2—28,-0.381961403,-0.567284031,0.650315962,-0.784547587,-0.17879295,0.570354802,0.492771892
2—29,0.996308231,-0.37018512,1.13389605,0.176853118,-0.355055216,0.108631826,0.774407684
2—30,-0.025224829,-0.407516237,-0.236302841,-0.130999741,0.196359504,0.463905331,0.476235023
2—31,1.187301788,0.184734273,-0.039566597,-0.390955441,0.561315315,-0.176659839,0.20440653
2—32,0.376303872,-0.731397391,-0.493605474,0.058758616,0.499665253,0.189890356,0.120841463
2—33,-0.779705218,0.948127309,0.295000077,-0.295418203,1.00519031,0.062511805,0.199315696
2—34,1.183333913,0.439136041,0.046993985,-0.596087415,0.026755199,-0.169284048,0.391054679
2—35,-0.580937626,0.35448697,0.046369488,-0.43004931,0.223497874,0.218001964,0.175658882
2—36,1.070517215,0.342928995,0.270159506,-0.6910613,0.182661317,-0.260639516,0.436524352
2—37,-0.029934775,-0.32794771,-0.21563668,-0.311225378,-0.294524298,0.570478632,0.583276176
2—38,0.174108995,-0.204853994,0.784735585,0.60577091,1.027442426,-0.536554603,-0.015154745
2—39,-0.341209866,-0.226321074,0.276071424,-0.203460896,-0.587306749,0.612323653,0.07428123
2—40,0.254919394,-0.306868906,-0.111355666,-0.446512031,-0.405294175,0.54057123,0.106757496
2—41,-1.509769882,1.838656444,0.546336013,0.59277224,-0.053398368,-0.11826891,0.653394375
2—42,0.304947882,0.884860813,0.778504436,0.413156985,0.717188299,0.638515833,-0.322062967
2—43,0.539733733,-0.51528049,-0.255897247,-0.342257612,0.059887178,0.388367212,0.025219055
2—44,1.16378583,0.397193957,-0.384367983,-0.02409578,-0.331805809,-0.350800437,0.311886318
2—45,1.149810474,-0.047169736,-0.328444433,-0.108673049,-0.31132435,0.051777493,0.29155535
2—46,1.302348308,0.15222642,0.361742498,-0.845783407,0.421935183,-0.11769095,0.20711529
2—47,1.214667221,0.837630085,0.861667534,0.383208558,-0.442786889,0.697156785,-0.503701065
2—48,-0.260845204,-0.200474933,-0.50587869,-0.027135729,-0.32156233,0.542255873,0.042140342
2—49,-0.007966052,-0.672551355,-0.161613642,-0.553720709,0.234379143,0.563268152,0.074392679
3—1,0.052774993,-0.460421142,-0.027848126,-0.368548918,-0.105391353,-0.127002703,-0.680440635
3—2,-0.075713525,-0.587517629,-0.616514942,-0.09720618,0.119154312,0.189226722,-0.574897512
3—3,0.054185461,-0.569641234,-0.262628398,-0.216563992,0.249472047,0.547799551,-0.003222678
3—4,-0.147367376,0.764448026,-0.283612197,-0.044311504,0.767608845,-0.203472957,-0.20006655
3—5,-0.085144025,-0.464993846,-0.910501685,0.310728784,0.357839981,0.175164758,-0.000553791
3—6,-0.426322593,0.065874429,-0.252023175,-0.475450107,0.337292144,-0.060403413,-0.798762036
3—7,0.02760277,-0.565940902,-0.075654258,-0.535596393,0.219937491,-0.033227794,-0.157745274
3—8,0.18998005,-0.609794486,-0.148835501,-0.340586618,0.246078579,0.331561706,-0.265993675
3—9,0.157897394,-0.633542933,-0.719086163,0.012626642,0.173761026,0.361618325,-0.006774789
3—10,-0.55000756,-0.908002608,-0.331411583,0.158439175,0.239826059,0.05717188,-0.226600997
3—11,1.039012828,-0.167095672,-0.870367901,0.277195521,-0.385146753,-0.32598879,0.126868881
3—12,1.174897841,0.413010492,0.018880022,-0.865331853,-0.095568486,-0.435324726,-0.775183654
3—13,-0.730270911,-1.027826958,0.155006226,0.019583788,0.038365549,-0.748883755,0.038718606
3—14,1.215567826,0.559272555,-0.570832215,0.091920226,-0.238196136,-0.553123738,-0.023509991
3—15,-0.260591139,-0.583228595,-0.314641039,-0.207226806,0.077209672,0.023018033,-0.137746774
3—16,0.161180232,-0.675840158,-0.398614752,0.05634733,0.128816532,0.172215321,0.324491425
3—17,-0.654772135,1.012999944,-0.565685617,0.324814376,0.532756319,-0.327472628,-0.228000502
3—18,-1.150684531,1.742975061,-0.270218036,-0.389705973,-0.108772404,-0.081367208,0.067275397
3—19,-0.85857963,-0.716579585,-0.743207853,0.989161626,-0.340288026,-0.738807155,-0.176567968
3—20,-0.803389031,0.83225075,-0.134597098,-0.21762531,0.708405155,0.118388998,-0.158859774
3—21,0.767423842,0.701726447,0.328446444,-0.222026572,-0.690255214,-0.135434422,-0.260413333
3—22,-0.096582463,-0.493458786,-0.755255177,0.030977213,-0.239208609,0.13086191,-0.25122685
3—23,-0.640269409,-0.786647957,2.061611066,-1.178521241,-0.116844361,-0.101445965,-0.560062372
3—24,-1.06905958,0.711311741,-0.351648878,0.05671896,0.288632738,-0.0364622,-0.43379631
3—25,-0.892594271,-0.623664588,-0.607027803,0.431132632,0.185448937,-0.056710777,0.482785579
3—26,-0.188826913,-0.19048183,-0.361877881,0.255412334,0.694779319,-0.374041854,0.02414811
3—27,-0.681240135,-0.225705057,0.344069923,-0.53555127,0.459412049,-0.220469862,-0.583942777
3—28,-1.190377754,1.960778617,-0.288478617,-0.357628536,-0.109567083,0.168898768,-0.005730773
3—29,-0.104507385,-0.191389007,-0.398272461,-0.078160666,-0.338794612,0.299750971,0.083239377
3—30,0.18998005,-0.609794486,-0.148835501,-0.340586618,0.246078579,0.331561706,-0.265993675
3—31,-0.254570045,-0.546473111,-0.535732867,-0.114823573,0.059466035,0.091741287,-0.379018524
3—32,-0.121776908,0.12153801,-0.423357877,-0.059087815,0.526914019,0.001451982,-0.78854007
3—33,0.978024995,0.150950787,-0.195939798,-0.027069441,0.115526135,-0.191453994,0.222112734
3—34,0.137337481,-0.603036218,-0.638010352,-0.081961445,0.08100056,0.199270421,-0.285454956
4—1,0.450052136,-0.722625711,-0.856944075,0.371425369,0.012702906,-0.689975251,-0.919359276
4—2,-0.597834453,-0.223716402,-0.180703611,-0.015406446,-0.644378985,0.370284972,-0.182257269
4—3,0.122297284,0.789385211,-0.453595024,-0.011756615,0.6189936,-0.139472645,-0.045511787
4—4,-0.358059971,0.547081257,-0.23879539,-0.21805582,0.337541645,0.004522008,-0.166529915
4—5,-0.583051743,0.596067666,-0.251010896,-0.090444601,0.012009269,-0.000719626,-0.332809407
4—6,0.400418585,-0.873264313,0.861464167,0.514996952,0.912702979,0.006204267,0.635138561
4—7,0.335422868,-0.653722387,-0.310331057,-0.39826053,0.037854337,0.452047737,0.052980174
4—8,-0.98254237,-0.614927587,-0.599944719,0.60923901,-0.730176447,-0.545949242,0.138609419
4—9,0.371616896,-0.23995575,-0.165638795,-0.438968717,0.286958318,-0.029189456,-0.395788803
4—10,0.274220469,-0.389773773,0.239490307,-0.51791668,-0.086271967,0.058560947,0.451957061
4—11,0.066425967,-0.022535958,0.787386551,-0.983650047,-0.1379735,-0.294893109,-0.383338106
4—12,-0.274635646,-0.305286336,-0.149330514,-0.338942652,-0.727984065,0.065234618,-0.464561287
4—13,-0.031653083,-0.580634466,-0.755667575,0.078511022,-0.371345699,-0.031783113,-0.468362542
4—14,0.045014725,-1.089100965,-0.698757815,0.529096261,-0.010150145,-0.380141332,0.127667966
4—15,-0.106786342,-0.523837659,-0.806405782,0.065043624,-0.021435617,0.30531453,-0.173137504
4—16,1.254147609,0.035386532,-0.418811867,-0.283265312,-0.435761003,-0.353324218,0.029457071
4—17,0.285337473,0.421133951,0.844455733,-1.005916292,-0.67591996,-0.337891182,-0.196661746
4—18,-0.316554294,-0.727298058,-0.056228018,0.131447875,-0.337975567,-0.482049802,0.014614725
4—19,0.274220469,-0.389773773,0.239490307,-0.51791668,-0.086271967,0.058560947,0.451957061
4—20,-0.037033038,-0.727707512,-0.556354427,-0.049377563,-0.089455356,-0.033805087,-0.281396513
4—21,-0.091145191,-0.628691749,-0.834356742,0.155589605,0.038350085,-0.00433394,-0.547881565
5—1,0.409591367,0.110605121,1.397394122,-0.352212559,-0.31559553,-0.00383494,0.212495637
5—2,0.801282723,-0.527067219,-0.122744383,-0.466976994,-0.072937958,0.131290691,0.508867116
5—3,-0.470877033,-0.331258354,-0.475144895,-0.163566368,-0.392545391,0.408664613,-0.128064349
5—4,0.349123339,-0.569966291,-0.080070773,-0.457107135,0.132291129,0.255715074,0.070995311
5—5,-0.053644434,0.511630906,-0.371529565,-0.231613114,0.320981694,-0.125264787,-0.600909445
5—6,-1.037224327,0.810804955,-0.538316664,0.166136019,0.561648728,0.035754953,-0.242974479
5—7,-0.751701907,-0.302880376,-0.352870938,-0.007513915,-0.51363071,0.27794691,-0.167864483
5—8,-0.116874641,0.382111082,-0.193463166,-0.19963113,0.741877853,0.228368494,-0.347125396
5—9,-1.157194616,1.998777036,-0.209704808,-0.463255608,-0.477438886,-0.187119028,0.33486403
5—10,-0.527452504,0.060815537,-0.605769807,0.371350504,-0.923042047,0.039828148,0.133010072
5—11,-0.350493745,0.535006874,-0.016094397,-0.684615802,0.191218546,0.004214374,-0.290424064
5—12,0.099722995,-0.667684085,-0.882747975,0.315067689,0.675858093,0.382997942,0.064219734
5—13,0.424957998,-0.674049063,-0.367764542,-0.206012854,0.499916437,0.398883044,-0.273913882
5—14,-0.145081778,-0.276355118,-0.934712908,1.315064832,-0.639736577,-1.318470805,0.080664121
5—15,-0.791923971,-0.488655478,-0.210446954,0.009171357,-0.221779572,0.498984787,-0.304037512
5—16,-0.23541323,-0.692447642,-0.346074104,-0.289564718,-0.084196995,-0.338869158,-0.553233649
6—1,1.489371713,0.077779084,-0.371490509,0.016893105,0.441677986,-0.814785054,-0.459628187
6—2,0.359187155,-0.109693316,-0.194745127,-0.284406717,-0.647536125,-0.2213819,0.244800663
6—3,0.003678959,-0.489609207,-0.55314083,-0.195032072,-0.064789255,0.164110267,-0.40240367
6—4,-0.241746157,0.700392385,-0.072219259,-0.319086393,-0.189318207,-0.076293878,-0.569290894
6—5,-0.428039493,-0.494697624,-0.597221009,0.024702073,-0.118370369,-0.024888873,-0.21793446
6—6,-0.431338205,0.90231585,-0.424568847,-0.10045718,0.497259927,-0.278302923,-0.645234434
6—7,-0.096207425,0.385379584,-0.051412827,-0.318551636,0.95607584,0.104072195,0.199192983
6—8,-0.9196063,-0.550680231,-0.227025434,0.119536554,-0.448785358,-0.489119187,0.081561545
6—9,0.459503183,-0.231174739,0.008042146,-0.597175724,-0.247134222,-0.335763892,-0.23832889
6—10,-0.34385821,-0.752012489,0.449242828,-0.097059008,-0.250638673,-0.439550639,-0.703807689
6—11,-2.069030515,1.81721953,-0.611542167,0.117579929,-0.334186089,-0.217116172,0.306900147
6—12,1.144912938,0.162459822,-0.044218856,-0.55162663,0.116088245,-0.130739694,0.211078967
6—13,0.001403567,-0.564450406,-1.173779996,0.642871941,0.174208582,-0.211228011,-0.284905831
7—1,-0.854510825,-0.259512779,-0.274914605,0.922596665,-0.757873233,-0.852761716,0.174207012
7—2,-0.001665047,-0.316165562,-0.086899129,-0.501771239,-0.172530864,0.280853869,-0.308989702
7—3,0.663816198,0.671832998,-0.047891697,-0.615718837,-0.714321476,-0.595434216,-0.265582854
7—4,-0.336892886,0.746945517,-0.314509965,-0.09278968,0.5228598,-0.138237349,-0.283950063
7—5,-0.618263543,-0.756229182,0.557838584,0.195137364,-0.257192458,-0.531096207,0.216611382
7—6,-0.135598229,-0.409588832,-0.482435951,0.05951862,-0.129205369,-0.14022769,-0.718710118
7—7,0.916313683,0.083272215,-0.218088151,0.322830881,-0.189986642,-0.0789599,1.196786783
7—8,-0.402421691,0.500877437,-0.156615117,-0.360991045,0.271813808,0.166728016,-0.269154277
7—9,0.059437251,-0.841563666,0.3881022,-0.596268472,0.194509571,0.035344208,-0.328777377
7—10,-0.196973981,-0.086333386,-0.837416108,0.347905827,-0.498766238,-0.19565644,0.335235983
7—11,-0.995229303,-0.738033988,-0.633353671,0.218290633,-0.369505164,-0.001506344,-0.353205357
7—12,-1.10511838,1.278521115,-0.630307786,0.622897061,0.372227282,-0.094509047,0.491265943
7—13,-0.604894338,-0.812257437,0.060779394,-0.180311141,0.029391165,0.056627872,0.384255349
7—14,-1.09948819,-0.691986025,1.148988393,-0.751045091,-0.055866517,-0.295609232,0.216140699
8—1,-0.930149741,-0.655701382,0.316373743,0.427273094,-0.168183122,-0.602825498,0.33686308
8—2,-0.576019852,-0.595275406,1.149935866,0.123846932,0.264332037,-1.046952007,0.308741029
8—3,-0.287659096,-0.370155055,0.287089676,-0.45694074,-0.56277891,0.414703167,-0.039048424
8—4,-1.040558136,-0.810971457,0.425938463,0.53417025,0.258137716,-0.87869536,-0.253589796
8—5,-1.072401439,-0.395763085,-0.061584654,0.565323344,-0.365294853,-0.604532484,0.486115418
8—6,-0.738471099,0.999127405,-0.088342532,-0.348157803,0.611217996,0.081164783,-0.069503729
8—7,0.157148575,-0.43298407,1.269968474,-0.139288908,-1.342878182,-0.029674606,0.571901001
8—8,-0.909831045,-0.85904816,0.816188123,-0.257320468,-0.430476254,-0.014915762,0.094828908
8—9,-1.505387273,-0.561315732,2.450929572,-0.719456338,-0.763644279,-0.433242922,-0.659366644
8—10,-0.042073651,-0.589232336,-0.564962407,-0.116387647,0.076535019,0.291076039,-0.327485664
8—11,0.282523301,-0.845433081,-0.390258316,0.011595359,0.60088159,0.397420827,0.351385842
8—12,-0.749545542,-0.008558277,1.246105323,-0.096772947,0.667121309,-0.952424163,-0.485113246
9—1,-0.659341509,-0.88788154,-0.057548436,-0.1277614,-0.114546863,0.084446822,-0.18738418
9—2,-1.487277268,-0.483039043,0.34767474,0.787892367,-0.389232112,-0.645637667,0.236869397
9—3,-0.197477119,-0.983713275,0.842205326,-0.536542175,0.5483361,-0.55472415,0.188184756
9—4,-0.845017546,0.814282997,-0.116833614,-0.179817584,0.416529364,-0.111964221,0.224899421
9—5,-0.566617127,-1.152767632,0.680072147,-0.199143392,-0.453788022,-0.377321569,-0.06165039
9—6,-0.318442098,-0.513326798,-0.513740787,0.133583218,0.092880223,0.125359215,0.509600583
